,params,mean_test_f1,mean_test_recall,mean_test_precision
0,"{'priors': None, 'var_smoothing': 1e-09}",0.4097435897435897,0.3866666666666666,0.48365967365967366
1,"{'priors': None, 'var_smoothing': 1e-08}",0.4097435897435897,0.3866666666666666,0.48365967365967366
2,"{'priors': None, 'var_smoothing': 1e-07}",0.4016918767507002,0.37333333333333335,0.4829419703103913
3,"{'priors': {0: 0.8421955403087479, 1: 0.15780445969125215}, 'var_smoothing': 1e-09}",0.0,0.0,0.0
4,"{'priors': {0: 0.8421955403087479, 1: 0.15780445969125215}, 'var_smoothing': 1e-08}",0.0,0.0,0.0
5,"{'priors': {0: 0.8421955403087479, 1: 0.15780445969125215}, 'var_smoothing': 1e-07}",0.0,0.0,0.0
